{"cameraMode":{"drawMode":0,"name":"Shaded","section":"Shading Mode"},"sceneLighting":true,"audioPlay":false,"sceneViewState":{"m_AlwaysRefresh":false,"showFog":true,"showSkybox":true,"showFlares":true,"showImageEffects":true,"showParticleSystems":true,"showVisualEffectGraphs":true,"m_FxEnabled":true},"in2DMode":false,"pivot":{"x":5.4994096755981449,"y":5.895552635192871,"z":-1.2004332542419434},"rotation":{"x":-0.14669641852378846,"y":-0.2401532679796219,"z":0.036740053445100787,"w":-0.958884596824646},"size":0.8951602578163147,"orthographic":false}